{
    "500x500": {
        "episodes": 2,
        "q_table": [
            [
                0.0,
                0.0,
                0.0,
                0.0,
                0.0,
                0.0,
                1.5880459874999997,
                0.0
            ],
            [
                0.0,
                3.1543291499841413,
                3.170632499999998,
                4.621097988859789,
                0.0,
                0.0,
                3.38896550248288,
                0.0
            ],
            [
                5.795983684186679,
                3.8706324999999984,
                4.537109438559176,
                3.199573830131189,
                5.057723758843496,
                5.463081980530993,
                0.0,
                5.579211779358631
            ],
            [
                5.2074126049828795,
                6.523094248782607,
                5.393385612238435,
                -1.6477461443796804,
                4.835776232792216,
                5.365421482567335,
                4.573604389648811,
                5.061075859414002
            ],
            [
                5.426186683376576,
                5.337429227715125,
                3.6702661693993837,
                4.957690063855168,
                5.108425380203858,
                6.966193796329972,
                6.028281179743139,
                3.6065668912484066
            ],
            [
                5.499378790024291,
                5.7292041651977375,
                5.659214461503529,
                5.518933847549581,
                3.403272126439828,
                5.6553157590044485,
                5.50463041053135,
                5.511603139804074
            ],
            [
                6.569031754514869,
                5.3145086265558525,
                6.306797706643463,
                6.0957419551599035,
                6.468175527561347,
                5.183369368574662,
                4.944690196218568,
                6.634877203803495
            ],
            [
                6.6984722239030035,
                6.783184308966582,
                5.46865751052899,
                5.212570514386044,
                6.65449328668751,
                6.275108086129892,
                6.822121481242745,
                6.8522481084803815
            ],
            [
                6.495619347726476,
                4.75942008278383,
                6.6641285693132195,
                7.144071734259496,
                5.9221675271622045,
                6.631228240430163,
                6.892059548801114,
                5.446532883026224
            ],
            [
                3.313256813234062,
                6.236504152210138,
                2.4726703857315004,
                6.180467844569577,
                5.280003452180981,
                4.96978390956992,
                4.735212982894416,
                3.954178042710036
            ],
            [
                5.120113408292701,
                6.396936739700278,
                -3.1375804896297774,
                4.152057125553007,
                1.8909132374999997,
                1.8990420108471426,
                1.8664742676459198,
                3.11151434456316
            ],
            [
                0.9275337579903502,
                0.0,
                0.0,
                0.7,
                0.1067408661272824,
                0.07505749999999993,
                5.600584115920955,
                4.22412332458217
            ],
            [
                0.0,
                1.18801725,
                3.858692010847143,
                0.0,
                0.7,
                0.0,
                -0.49,
                1.666459949063583
            ],
            [
                0.0,
                0.0,
                1.8247074999999997,
                0.0,
                0.0,
                0.0,
                0.0,
                -0.7
            ],
            [
                0.0,
                0.0,
                0.0,
                0.0,
                0.0,
                1.4750574999999997,
                0.0,
                0.0
            ],
            [
                0.0,
                0.0,
                0.0,
                0.0,
                0.0,
                0.0,
                0.0,
                0.0
            ],
            [
                0.0,
                0.0,
                0.0,
                0.0,
                0.0,
                0.0,
                0.0,
                0.0
            ],
            [
                0.0,
                0.0,
                0.0,
                0.0,
                0.0,
                0.0,
                0.0,
                0.0
            ]
        ]
    }
}