{
    "500x500": {
        "episodes": 2,
        "q_table": [
            [
                0.0,
                0.0,
                0.0,
                0.0,
                0.0,
                0.0,
                0.0,
                0.0,
                0.0,
                0.0,
                0.0,
                0.0
            ],
            [
                0.0,
                0.0,
                0.0,
                -0.23450000000000004,
                0.0,
                -0.23450000000000004,
                0.0,
                7.699999999999999,
                0.0,
                -0.23450000000000004,
                0.0,
                0.0
            ],
            [
                0.0,
                0.004707499999999892,
                0.7,
                -0.13494250000000008,
                0.7,
                0.07505749999999993,
                0.7,
                0.0,
                0.0,
                0.0,
                0.07505749999999993,
                0.7
            ],
            [
                -0.23450000000000004,
                0.28505749999999996,
                0.0,
                -0.7,
                1.1655,
                1.1655,
                0.5977044587499996,
                0.5134304874999996,
                0.5134304874999996,
                1.1655,
                1.51515,
                0.6674596337499996
            ],
            [
                1.590936098450562,
                0.6567052454374995,
                1.9175747499999996,
                -0.44450000000000006,
                1.4750574999999997,
                0.0,
                1.8247074999999997,
                0.0,
                1.4750574999999997,
                1.3826430814437496,
                0.9401258314437496,
                0.0
            ],
            [
                0.0,
                2.0969305267004055,
                2.1234304874999994,
                0.07505749999999993,
                0.07505749999999993,
                1.0136492615350932,
                1.9134304874999997,
                2.6533368776249997,
                0.8301492223346871,
                -0.7,
                2.1885885447562496,
                0.9780298650755789
            ],
            [
                0.0,
                2.5233531805647806,
                0.8726426197562498,
                0.0,
                2.9737502136999994,
                0.0,
                0.8016942223346871,
                0.6305632374999998,
                -0.7,
                0.0,
                2.3009762741874997,
                1.7664304874999999
            ],
            [
                2.2243262741875,
                0.6463956624999997,
                0.8895632375,
                0.0,
                2.230149222334687,
                0.7,
                -0.23450000000000004,
                0.0,
                0.0,
                0.5574573029374997,
                1.4750574999999997,
                2.011666797334687
            ],
            [
                0.0,
                0.0,
                -0.7,
                0.0,
                1.4750574999999997,
                0.0,
                0.0,
                2.108826972334687,
                1.8909132374999997,
                0.0,
                0.0,
                0.0
            ],
            [
                0.0,
                0.0,
                0.0,
                0.0,
                0.7,
                0.0,
                1.9574573029374998,
                0.0,
                0.0,
                -0.7,
                0.0,
                0.0
            ],
            [
                0.0,
                0.0,
                0.0,
                0.0,
                -0.7,
                0.0,
                0.0,
                0.0,
                0.0,
                0.0,
                0.0,
                1.1655
            ],
            [
                0.0,
                0.0,
                0.0,
                0.0,
                0.0,
                0.0,
                0.7,
                0.0,
                0.0,
                0.0,
                0.0,
                0.0
            ],
            [
                0.0,
                0.0,
                0.0,
                0.0,
                0.0,
                0.0,
                0.0,
                0.0,
                0.0,
                0.0,
                0.0,
                0.0
            ],
            [
                0.0,
                0.0,
                0.0,
                0.0,
                0.0,
                0.0,
                0.0,
                0.0,
                0.0,
                0.0,
                0.0,
                0.0
            ],
            [
                0.0,
                0.0,
                0.0,
                0.0,
                0.0,
                0.0,
                0.0,
                0.0,
                0.0,
                0.0,
                0.0,
                0.0
            ],
            [
                0.0,
                0.0,
                0.0,
                0.0,
                0.0,
                0.0,
                0.0,
                0.0,
                0.0,
                0.0,
                0.0,
                0.0
            ],
            [
                0.0,
                0.0,
                0.0,
                0.0,
                0.0,
                0.0,
                0.0,
                0.0,
                0.0,
                0.0,
                0.0,
                0.0
            ],
            [
                0.0,
                0.0,
                0.0,
                0.0,
                0.0,
                0.0,
                0.0,
                0.0,
                0.0,
                0.0,
                0.0,
                0.0
            ]
        ],
        "mean_reward": 8.0,
        "mean_std": 0.0,
        "eval_episodes": 1
    }
}