{
    "500x500": {
        "episodes": 20,
        "q_table": [
            [
                0.0,
                0.0,
                0.0,
                0.0,
                0.0,
                0.0,
                0.0,
                0.0,
                0.0,
                0.0,
                0.0,
                0.0
            ],
            [
                9.569090334933222,
                8.843460561020724,
                9.136517597354908,
                8.422816139553372,
                0.0,
                7.62965,
                8.953286473140714,
                10.703,
                10.13553340622375,
                9.071554575550044,
                0.0,
                7.545538826833482
            ],
            [
                9.618499048756181,
                10.39438067689783,
                6.030499999999998,
                9.528641174203404,
                6.030499999999998,
                8.670885986255112,
                8.571750529106744,
                9.651953770338366,
                8.737260824669706,
                9.945084376813544,
                10.6886150525,
                9.881209292283728
            ],
            [
                11.019679236516884,
                9.06623258504887,
                10.655693214928766,
                10.081995075320553,
                9.051369684261447,
                10.251622507595226,
                10.53361737885145,
                11.013873541863944,
                9.370381923874998,
                8.693390310592687,
                9.852557712215097,
                9.898779787021189
            ],
            [
                10.89299833559081,
                11.39413427196736,
                10.050109682754938,
                11.042679271733164,
                10.856213854896238,
                10.066634131631854,
                9.488523784549553,
                9.66724056826974,
                9.423905418929662,
                10.16555832021024,
                10.765324770372395,
                8.125131216565594
            ],
            [
                10.549733675679747,
                9.667088236605933,
                9.563891608481464,
                9.065587521467194,
                10.393675653963369,
                10.305780070136535,
                11.7539689885845,
                9.442049381929081,
                11.6117355966002,
                10.024027110528213,
                10.355787332153263,
                9.282558437726331
            ],
            [
                11.852169745514319,
                10.393026770032138,
                9.547237160009521,
                9.518180128928462,
                9.673887437116662,
                11.585369608919045,
                10.657354666979082,
                10.43159177510248,
                9.769364305530607,
                9.01652740256643,
                10.92037323555324,
                10.198495501938439
            ],
            [
                11.263151255972598,
                11.411165390765513,
                10.439116590021879,
                10.848911596447035,
                12.10145981793788,
                10.111920836166641,
                10.224529433221688,
                9.314593047991368,
                11.489474970250548,
                11.773600465665274,
                12.015101122030005,
                10.349702664894618
            ],
            [
                8.859426206418354,
                11.013814277030544,
                9.872331663470138,
                12.328211876588686,
                10.931996833240262,
                3.2215756797345616,
                11.750427765530869,
                10.031358503146533,
                11.679358027444891,
                9.475285927867425,
                11.70005416620979,
                10.957719317929431
            ],
            [
                9.293786614940403,
                10.857342015229335,
                10.941312559328352,
                9.910645575321418,
                10.054634703938264,
                10.330177508442981,
                11.497930217391147,
                10.951537370185036,
                11.209044224149197,
                11.516967789801217,
                11.573938518347246,
                9.572895728536887
            ],
            [
                8.696969746967707,
                10.777098778637118,
                11.097249470632732,
                9.634303233751856,
                11.224646506367012,
                11.556128485037998,
                11.058004288677608,
                10.91942230342686,
                9.333841033016183,
                10.76079912956019,
                11.337325283941153,
                9.153133123782139
            ],
            [
                10.612182904209018,
                9.182599121582376,
                9.260711237318754,
                10.042646613417308,
                10.130521315175164,
                10.336097918031658,
                8.143711496122213,
                10.192438203121615,
                8.717558959807294,
                11.347998279459212,
                10.867416971873407,
                9.377832390729424
            ],
            [
                10.618482733177961,
                10.44828989851482,
                10.488987593942829,
                7.22755811235122,
                7.30033759386972,
                10.326925491200333,
                5.710981073772669,
                6.471936931607072,
                5.45528489160666,
                7.209929105240018,
                10.122347595356162,
                8.515124257573277
            ],
            [
                7.808135652399497,
                -0.7,
                6.584107888777792,
                5.3678716995344065,
                2.172538984942825,
                8.823873903386655,
                7.58136130246749,
                9.69316933973731,
                7.987086464772666,
                8.062017846394696,
                3.4009680753117975,
                10.487608585232538
            ],
            [
                4.660987037336767,
                0.1459576109253101,
                3.7206394095799364,
                6.166869286183155,
                4.3196074961546245,
                6.567876145752124,
                6.567876145752124,
                7.682017032518937,
                -0.23450000000000004,
                8.601238989477762,
                0.0,
                7.907337152107452
            ],
            [
                0.0,
                0.0,
                0.0,
                0.0,
                0.0,
                0.0,
                0.0,
                0.0,
                0.0,
                6.419823928002711,
                6.647578059518702,
                0.7
            ],
            [
                0.0,
                0.0,
                0.0,
                0.0,
                0.0,
                0.0,
                0.0,
                0.0,
                0.0,
                0.0,
                0.0,
                0.0
            ],
            [
                0.0,
                0.0,
                0.0,
                0.0,
                0.0,
                0.0,
                0.0,
                0.0,
                0.0,
                0.0,
                0.0,
                0.0
            ]
        ],
        "mean_reward": -24.0,
        "mean_std": 0.0,
        "eval_episodes": 1
    }
}